station_id,station_code,station_name,date,flow_m3,NH4-N_tonnes,NO3-N_tonnes,PO4-P_tonnes,SPM_tonnes,Si_tonnes,TOC_tonnes,TOTN_tonnes,TOTP_tonnes
29612,BUSEDRA,Drammenselva,1990-05-31,2801997303,61.644,673.867,3.414,4102.057,3143.475,6416.574,1053.856,15.825
29612,BUSEDRA,Drammenselva,1990-08-31,2381513970,52.393,326.026,6.645,3075.112,2671.748,5453.667,691.94,14.361
29612,BUSEDRA,Drammenselva,1990-11-30,2063648047,45.4,402.46,4.417,1968.504,2315.144,4725.754,658.541,10.91
29612,BUSEDRA,Drammenselva,1991-02-28,2266769884,49.869,581.537,3.503,2312.931,2543.02,5190.903,843.728,12.61
29612,BUSEDRA,Drammenselva,1991-05-31,2339713683,51.474,626.322,3.052,4003.009,2624.853,5357.944,930.524,12.903
29612,BUSEDRA,Drammenselva,1991-08-31,1278813196,28.134,224.078,2.2,2268.492,1434.661,2928.482,411.671,8.787
29612,BUSEDRA,Drammenselva,1991-11-30,1261633737,27.756,274.825,2.451,2292.146,1415.388,2940.392,466.755,6.598
29612,BUSEDRA,Drammenselva,1992-02-29,1890934770,42.581,496.956,3.825,2944.424,2121.382,4762.599,735.282,10.608
29612,BUSEDRA,Drammenselva,1992-05-31,2109398691,48.981,644.32,4.246,5259.084,2366.47,5853.867,929.673,14.143
29612,BUSEDRA,Drammenselva,1992-08-31,1642154157,38.342,219.063,2.202,3404.288,1842.282,4621.901,503.081,9.771
29612,BUSEDRA,Drammenselva,1992-11-30,2338703126,38.293,839.836,3.088,3466.58,2623.719,6159.601,1161.279,12.216
29612,BUSEDRA,Drammenselva,1993-02-28,2221937927,28.326,636.017,2.476,2729.483,2492.724,5396.89,877.657,8.837
29612,BUSEDRA,Drammenselva,1993-05-31,3079073496,33.847,789.71,5.784,6761.66,3454.318,7979.046,1184.163,17.837
29612,BUSEDRA,Drammenselva,1993-08-31,2781510569,33.319,441.96,2.027,4340.96,3120.492,7270.222,932.235,15.163
29612,BUSEDRA,Drammenselva,1993-11-30,2221937927,40.464,576.109,3.012,3158.624,2492.724,7404.09,972.829,10.231
29612,BUSEDRA,Drammenselva,1994-02-28,2144951903,34.27,620.972,2.752,1825.864,2406.356,5687.464,921.362,7.156
29612,BUSEDRA,Drammenselva,1994-05-31,3130152529,36.995,1077.665,8.473,10042.753,3511.622,9008.379,1672.815,20.457
29612,BUSEDRA,Drammenselva,1994-08-31,2240311680,32.018,553.885,4.247,6182.768,2513.337,6766.754,992.721,14.577
29612,BUSEDRA,Drammenselva,1994-11-30,2510405846,53.005,1251.376,1.734,8240.503,2816.347,8937.098,1719.709,15.773
29612,BUSEDRA,Drammenselva,1995-02-28,2248212394,38.473,658.863,1.175,2261.19,2517.488,6699.017,960.546,8.377
29612,BUSEDRA,Drammenselva,1995-05-31,2743660638,21.663,1038.789,8.368,17105.508,3379.819,10176.63,1462.403,24.323
29612,BUSEDRA,Drammenselva,1995-08-31,3951091804,39.498,1189.34,12.086,21260.781,4660.861,15628.768,1915.459,41.247
29612,BUSEDRA,Drammenselva,1995-11-30,1731266858,37.097,428.118,1.674,2625.157,1963.059,5689.187,708.796,8.409
29612,BUSEDRA,Drammenselva,1996-02-29,1779130484,39.212,438.387,1.779,1879.974,1799.516,6548.014,696.462,6.574
29612,BUSEDRA,Drammenselva,1996-05-31,1939349609,36.294,606.315,5.443,6456.878,2048.589,7608.509,914.62,15.506
29612,BUSEDRA,Drammenselva,1996-08-31,1611378121,21.36,378.1,2.813,3943.698,1471.106,6334.009,664.004,9.725
29612,BUSEDRA,Drammenselva,1996-11-30,1812846321,48.638,712.339,3.844,3481.132,1973.657,6475.455,1065.626,10.566
29612,BUSEDRA,Drammenselva,1997-02-28,2103427229,42.573,711.907,2.955,2242.817,2302.385,7460.294,1011.307,8.14
29612,BUSEDRA,Drammenselva,1997-05-31,1803383840,29.943,586.414,3.407,3986.736,2060.232,6345.122,868.867,10.043
29612,BUSEDRA,Drammenselva,1997-08-31,2081011251,26.74,412.937,2.86,3641.803,2092.989,7271.36,801.765,10.811
29612,BUSEDRA,Drammenselva,1997-11-30,1999615518,33.827,598.768,2.369,3029.363,2350.297,6936.701,942.179,8.741
29612,BUSEDRA,Drammenselva,1998-02-28,2179862035,29.038,686.877,4.487,3236.647,2816.395,7511.871,964.646,7.939
29612,BUSEDRA,Drammenselva,1998-05-31,3292576503,39.646,938.43,4.701,5734.66,3741.239,11263.658,1399.693,15.525
29612,BUSEDRA,Drammenselva,1998-08-31,2575265194,42.139,590.935,2.797,4028.061,2730.416,8630.314,1067.162,11.798
29612,BUSEDRA,Drammenselva,1998-11-30,2768373336,60.011,714.487,4.193,4288.646,3373.479,8087.7,1301.575,14.867
29612,BUSEDRA,Drammenselva,1999-02-28,2277702303,36.319,764.762,2.513,1371.161,2724.522,5612.004,998.148,6.884
29612,BUSEDRA,Drammenselva,1999-05-31,3249030737,60.843,869.032,7.192,5913.67,3694.443,9967.625,1298.339,9.523
29612,BUSEDRA,Drammenselva,1999-08-31,2809806151,40.432,715.439,4.758,19934.698,3608.006,10723.616,1248.309,8.12
29612,BUSEDRA,Drammenselva,1999-11-30,2265299984,68.127,606.089,7.722,6416.714,2950.651,8537.644,1140.649,6.421
29612,BUSEDRA,Drammenselva,2000-02-29,2202461749,53.222,588.233,3.515,1682.937,2929.716,5905.536,937.066,6.135
29612,BUSEDRA,Drammenselva,2000-05-31,2626160489,65.371,675.67,6.485,5647.921,3630.962,7831.42,1166.72,7.178
29612,BUSEDRA,Drammenselva,2000-08-31,2642237523,76.846,466.397,6.494,4766.376,3497.791,8810.241,1225.868,7.1
29612,BUSEDRA,Drammenselva,2000-11-30,5282270195,159.935,1481.038,21.665,82293.12,11425.986,26429.17,2910.235,13.894
29612,BUSEDRA,Drammenselva,2001-02-28,3426704899,56.025,893.24,7.405,5993.502,5950.295,12798.451,1495.794,8.883
29612,BUSEDRA,Drammenselva,2001-05-31,3435983644,70.441,899.021,11.983,13254.467,5606.812,11991.901,1467.331,8.703
29612,BUSEDRA,Drammenselva,2001-08-31,3239889767,90.125,544.185,8.826,5549.947,3866.519,11102.761,1141.222,8.078
29612,BUSEDRA,Drammenselva,2001-11-30,2795382752,82.453,577.795,7.219,3758.71,3302.804,10702.54,911.982,6.82
29612,BUSEDRA,Drammenselva,2002-02-28,2220468027,91.663,696.548,9.317,4232.363,2835.831,6795.523,931.019,5.308
29612,BUSEDRA,Drammenselva,2002-05-31,3196298039,70.006,756.728,12.677,6075.932,4467.877,10007.416,1334.942,7.471
29612,BUSEDRA,Drammenselva,2002-08-31,2611737093,63.812,516.148,5.714,4967.351,2751.971,9625.018,994.427,5.999
29612,BUSEDRA,Drammenselva,2002-11-30,1351756994,48.244,375.593,9.435,1412.931,1484.993,4494.733,596.743,3.026
29612,BUSEDRA,Drammenselva,2003-02-28,1844449176,51.617,554.79,13.578,1309.602,2141.352,5405.537,808.583,4.046
29612,BUSEDRA,Drammenselva,2003-05-31,2974894317,70.859,1011.264,5.523,10945.621,3855.152,11492.176,1488.404,6.359
29612,BUSEDRA,Drammenselva,2003-08-31,2291390713,68.652,495.599,3.158,4670.736,2562.379,8893.209,832.694,4.814
29612,BUSEDRA,Drammenselva,2003-11-30,1554419488,84.16,356.579,1.554,1282.331,1612.801,5429.41,587.141,3.176
29612,BUSEDRA,Drammenselva,2004-02-29,2198327655,44.944,586.515,2.198,1878.96,2529.308,6338.196,827.53,6.435
29612,BUSEDRA,Drammenselva,2004-05-31,3303508886,50.251,805.21,12.26,22461.929,4102.54,10209.305,1387.956,27.881
29612,BUSEDRA,Drammenselva,2004-08-31,1709126486,34.346,315.443,2.72,4299.193,1877.18,5780.239,656.43,8.264
29612,BUSEDRA,Drammenselva,2004-11-30,2644901717,41.707,662.03,3.397,3886.515,3263.356,9797.209,1145.09,11.638
29612,BUSEDRA,Drammenselva,2005-02-28,2242884005,20.353,598.72,2.243,2067.393,2758.92,6145.785,893.842,7.794
29612,BUSEDRA,Drammenselva,2005-05-31,1998329356,23.987,500.292,2.931,3435.92,2360.499,5442.216,811.381,10.286
29612,BUSEDRA,Drammenselva,2005-08-31,2176003545,20.47,373.93,3.208,3259.316,2449.529,7471.764,764.402,13.651
29612,BUSEDRA,Drammenselva,2005-11-30,1998788699,36.476,688.698,2.887,3076.883,2613.4,6736.279,1019.473,13.585
29612,BUSEDRA,Drammenselva,2006-02-28,2327219531,25.987,696.615,2.34,1736.795,2911.988,6438.181,1006.9,10.207
29612,BUSEDRA,Drammenselva,2006-05-31,3004292322,36.911,1531.145,6.278,9469.294,4384.483,10476.111,2127.948,19.081
29612,BUSEDRA,Drammenselva,2006-08-31,1444085102,14.593,296.568,3.097,3733.577,1664.468,5180.692,565.942,10.114
29612,BUSEDRA,Drammenselva,2006-11-30,2800619272,34.213,858.953,4.419,4762.41,3720.6,10979.162,1480.837,13.729
29612,BUSEDRA,Drammenselva,2007-02-28,2980314574,22.303,922.787,6.438,5549.239,4271.17,9449.225,1446.931,13.156
29612,BUSEDRA,Drammenselva,2007-05-31,2976456086,24.119,978.64,8.459,10010.179,4101.73,8966.007,1461.089,18.806
29612,BUSEDRA,Drammenselva,2007-08-31,5121224252,62.31,1288.683,44.604,58721.463,7581.263,23273.705,2356.49,81.776
29612,BUSEDRA,Drammenselva,2007-11-30,1581245167,6.481,459.571,4.822,4580.498,2211.53,5827.494,751.656,12.19
29612,BUSEDRA,Drammenselva,2008-02-29,2207882006,9.996,754.965,5.976,4235.768,3072.927,6215.201,1085.521,12.353
29612,BUSEDRA,Drammenselva,2008-05-31,4778094418,46.817,1616.379,18.307,23037.977,6999.954,15784.951,2350.88,39.614
29612,BUSEDRA,Drammenselva,2008-08-31,3061250956,33.603,559.826,3.523,5307.379,3576.434,9953.76,1101.884,17.177
29612,BUSEDRA,Drammenselva,2008-11-30,2370857194,31.245,545.616,2.371,2522.411,3038.83,7993.585,944.986,12.111
29612,BUSEDRA,Drammenselva,2009-02-28,2243343349,19.713,562.157,3.001,1586.663,2963.716,6241.709,946.606,12.521
29612,BUSEDRA,Drammenselva,2009-05-31,3084493753,37.499,779.554,5.729,6612.615,4042.603,9095.979,1314.158,19.268
29612,BUSEDRA,Drammenselva,2009-08-31,2589596721,19.281,452.272,5.661,6452.686,3200.435,10243.287,978.66,22.013
29612,BUSEDRA,Drammenselva,2009-11-30,2333099132,21.018,658.922,7.622,5261.24,3405.727,9331.803,1181.529,16.222
29612,BUSEDRA,Drammenselva,2010-02-28,2362589005,31.218,611.855,2.904,1941.01,3264.642,6920.94,997.296,12.957
29612,BUSEDRA,Drammenselva,2010-05-31,2802915991,34.072,860.474,7.343,7994.372,4020.957,9109.198,1326.895,20.083
29612,BUSEDRA,Drammenselva,2010-08-31,2409533943,28.79,445.662,3.052,3807.902,2974.728,8598.944,850.837,13.993
29612,BUSEDRA,Drammenselva,2010-11-30,3062353381,38.208,671.87,6.476,6388.785,4289.63,12662.857,1232.374,20.053
29612,BUSEDRA,Drammenselva,2011-02-28,1846010945,55.478,512.359,3.249,1667.552,2644.957,6049.846,923.012,10.785
29612,BUSEDRA,Drammenselva,2011-05-31,2008894263,45.68,871.614,12.75,15100.399,3343.689,6959.308,1327.598,26.692
29612,BUSEDRA,Drammenselva,2011-08-31,5009603703,59.189,1072.933,12.864,13428.162,6870.726,22200.275,2160.405,44.913
29612,BUSEDRA,Drammenselva,2011-11-30,4022014490,37.915,933.275,9.989,8379.654,5897.356,18195.685,1774.054,33.369
29612,BUSEDRA,Drammenselva,2012-02-29,2419915114,19.623,646.554,3.283,1941.174,3398.291,6961.13,1019.593,12.542
29612,BUSEDRA,Drammenselva,2012-05-31,2888721417,21.328,669.495,3.774,3640.108,3728.519,8602.719,1138.773,16.057
29612,BUSEDRA,Drammenselva,2012-08-31,3247377071,35.657,900.442,269.593,272706.901,5977.463,19041.124,2075.093,375.107
29612,BUSEDRA,Drammenselva,2012-11-30,2620740232,25.362,666.968,17.17,16690.345,3883.567,9712.791,1241.618,27.803
29612,BUSEDRA,Drammenselva,2013-02-28,2502964476,28.189,627.274,3.125,2487.642,3509.475,7108.761,1021.883,8.266
29612,BUSEDRA,Drammenselva,2013-05-31,3383159105,51.328,1652.146,33.805,38885.686,5616.534,11467.996,2318.74,50.624
29612,BUSEDRA,Drammenselva,2013-08-31,3908097222,56.836,898.352,14.777,10020.311,5004.803,15187.349,1672.255,29.166
29612,BUSEDRA,Drammenselva,2013-11-30,2261808971,20.965,559.165,4.527,4977.3,2819.684,8433.207,987.218,17.02
29612,BUSEDRA,Drammenselva,2014-02-28,2796025834,23.07,885.861,9.465,8449.003,4275.558,8880.592,1397.126,17.863
29612,BUSEDRA,Drammenselva,2014-05-31,3989676685,26.516,959.048,14.22,8418.531,5425.529,12960.376,1671.267,23.888
29612,BUSEDRA,Drammenselva,2014-08-31,2127588707,21.642,318.115,4.299,4292.958,2367.655,6631.092,692.624,13.199
29612,BUSEDRA,Drammenselva,2014-11-30,3204382490,36.384,847.752,8.5,7060.257,4288.435,12366.655,1427.11,18.427
29612,BUSEDRA,Drammenselva,2015-02-28,2629008421,23.633,612.709,2.913,3133.337,3800.091,8101.997,1032.507,9.947
29612,BUSEDRA,Drammenselva,2015-05-31,2801997303,19.596,746.585,5.43,5338.363,4129.499,8608.637,1275.443,10.218
29612,BUSEDRA,Drammenselva,2015-08-31,2446281449,22.699,461.196,13.071,12398.653,3264.634,9919.048,995.688,25.798
29612,BUSEDRA,Drammenselva,2015-11-30,3785819898,23.177,876.129,45.949,42365.12,6717.538,20113.053,1977.56,75.908
29612,BUSEDRA,Drammenselva,2016-02-29,2427983424,16.137,762.034,14.467,11445.024,4124.485,8315.15,1223.669,27.274
29612,BUSEDRA,Drammenselva,2016-05-31,2746565336,24.569,825.849,21.756,20869.168,4434.605,9287.874,1389.361,36.575
29612,BUSEDRA,Drammenselva,2016-08-31,2414173132,30.473,393.256,9.537,5639.279,3102.702,9973.837,922.619,17.593
29612,BUSEDRA,Drammenselva,2016-11-30,1880088551,24.513,352.423,2.221,2513.213,2349.352,6328.81,711.487,8.885
29612,BUSEDRA,Drammenselva,2017-02-28,2306844132,21.795,539.028,3.567,2403.141,3011.969,6768.119,852.551,9.975
29612,BUSEDRA,Drammenselva,2017-05-31,2426824563,17.897,653.477,4.81,4388.231,3314.619,7830.81,1027.133,12.902
29612,BUSEDRA,Drammenselva,2017-08-31,2606087164,40.574,461.813,5.671,4419.926,3213.146,9740.054,930.373,11.401
29612,BUSEDRA,Drammenselva,2017-11-30,3472439007,28.023,955.59,11.288,8224.196,4957.086,16283.133,1450.725,29.636
29612,BUSEDRA,Drammenselva,2018-02-28,2576055535,21.988,587.96,3.112,1914.01,3500.33,7199.155,945.823,9.802
29612,BUSEDRA,Drammenselva,2018-05-31,3935208310,35.405,925.69,9.382,10384.701,5293.121,11879.937,1531.257,22.979
29612,BUSEDRA,Drammenselva,2018-08-31,1388641724,30.053,178.144,2.462,2069.249,1518.597,4222.095,384.194,7.216
29612,BUSEDRA,Drammenselva,2018-11-30,2395884931,25.746,552.616,3.611,3390.147,3032.783,8054.219,987.928,11.203
29612,BUSEDRA,Drammenselva,2019-02-28,2468106735,22.469,748.339,4.936,3394.648,3427.892,7879.642,1051.172,12.905
29612,BUSEDRA,Drammenselva,2019-05-31,3299499967,16.106,1621.013,9.242,8082.784,4933.021,11410.915,2046.209,21.043
29612,BUSEDRA,Drammenselva,2019-08-31,2549884728,23.885,635.087,5.29,4363.273,3286.13,9600.181,970.006,15.83
29612,BUSEDRA,Drammenselva,2019-11-30,2636148718,37.984,686.69,3.87,2713.566,3454.99,10575.401,1116.204,11.512
29612,BUSEDRA,Drammenselva,2020-02-29,2640613207,42.003,736.411,3.575,2455.221,3796.089,9150.256,1133.296,10.107
29612,BUSEDRA,Drammenselva,2020-05-31,2896618456,24.304,726.235,6.551,3554.245,3939.055,10284.282,1035.702,12.886
29612,BUSEDRA,Drammenselva,2020-08-31,3229920169,12.156,543.322,5.659,4400.278,3807.899,12740.025,929.129,12.199
29612,BUSEDRA,Drammenselva,2020-11-30,3861618059,18.474,2009.008,24.323,24378.085,6446.465,18132.008,2416.604,53.76
29612,BUSEDRA,Drammenselva,2021-02-28,2992476161,12.532,980.978,6.093,4454.705,4674.125,10323.519,1309.817,15.179
29612,BUSEDRA,Drammenselva,2021-05-31,3073099270,12.044,1159.339,10.105,12343.54,4752.002,11096.946,1416.254,20.869
29612,BUSEDRA,Drammenselva,2021-08-31,2346879446,36.952,487.015,5.082,5046.391,3103.167,8277.286,806.928,13.592
29612,BUSEDRA,Drammenselva,2021-11-30,2313812203,14.134,974.286,25.317,23048.416,4034.211,9771.189,1403.194,44.504
29612,BUSEDRA,Drammenselva,2022-02-28,2144899078,36.14,559.285,3.643,2074.307,3018.259,6162.707,778.181,7.909
29612,BUSEDRA,Drammenselva,2022-05-31,1645863933,26.584,427.605,3.085,1406.834,2033.923,4497.635,556.225,6.416
29612,BUSEDRA,Drammenselva,2022-08-31,1047388889,27.572,170.87,1.335,1181.854,1183.678,3359.362,304.715,5.006
29612,BUSEDRA,Drammenselva,2022-11-30,2458140175,25.912,893.494,8.268,9440.576,3667.203,10650.756,1270.089,21.901
29612,BUSEDRA,Drammenselva,2023-02-28,2545043803,27.806,703.553,3.431,2610.265,3870.886,8133.675,1025.041,9.384
29612,BUSEDRA,Drammenselva,2023-05-31,3744382841,38.801,1250.467,29.389,20071.09,6330.511,13097.577,1846.5,48.669
29612,BUSEDRA,Drammenselva,2023-08-31,5416322790,28.066,749.827,63.046,12598.285,8256.394,24999.007,1899.624,98.819
29612,BUSEDRA,Drammenselva,2023-11-30,3690334325,19.822,1102.984,21.701,11468.909,6254.134,19391.174,1761.563,41.407
29613,TELESKI,Skienselva,1990-05-31,2793608186,39.111,784.818,3.018,3253.936,2742.306,4637.39,1084.316,13.076
29613,TELESKI,Skienselva,1990-08-31,2918832229,40.864,597.018,2.122,2540.436,2865.23,4845.262,953.791,11.106
29613,TELESKI,Skienselva,1990-11-30,2215529310,31.017,460.786,2.17,1506.978,2174.843,3677.779,730.51,22.484
29613,TELESKI,Skienselva,1991-02-28,2118289177,29.656,550.334,3.477,1525.902,2079.388,3516.36,792.687,8.464
29613,TELESKI,Skienselva,1991-05-31,2504651113,35.065,664.162,3.859,2548.376,2458.655,4157.721,1042.159,11.755
29613,TELESKI,Skienselva,1991-08-31,1000212236,14.003,213.89,0.697,1026.56,981.844,1660.352,331.816,4.385
29613,TELESKI,Skienselva,1991-11-30,1264911068,17.709,311.271,1.711,939.245,1241.682,2147.591,466.097,3.931
29613,TELESKI,Skienselva,1992-02-29,1557826527,22.517,423.866,2.894,1173.283,1529.218,2906.18,588.685,5.474
29613,TELESKI,Skienselva,1992-05-31,1807118185,44.164,494.38,1.837,1949.075,1773.932,3063.388,716.881,8.634
29613,TELESKI,Skienselva,1992-08-31,1109226950,24.084,212.74,1.109,1087.046,1088.857,1626.703,359.039,6.449
29613,TELESKI,Skienselva,1992-11-30,2155929437,48.185,495.49,2.883,3508.824,2116.337,3531.3,773.852,8.437
29613,TELESKI,Skienselva,1993-02-28,2472134810,17.749,722.142,5.671,6674.666,2426.736,4425.228,961.791,11.437
29613,TELESKI,Skienselva,1993-05-31,2645196788,27.677,700.508,1.595,1226.588,2596.62,5321.011,934.52,6.09
29613,TELESKI,Skienselva,1993-08-31,1387541424,21.932,275.297,0.899,832.356,1362.06,3056.223,410.387,3.565
29613,TELESKI,Skienselva,1993-11-30,1792069317,26.983,343.924,1.209,926.885,1759.159,4265.786,550.684,4.338
29613,TELESKI,Skienselva,1994-02-28,1931629649,21.112,464.428,1.595,698.447,1896.157,4591.328,625.153,4.536
29613,TELESKI,Skienselva,1994-05-31,2901475420,28.071,758.584,3.396,2839.841,2848.192,6823.078,1026.001,8.19
29613,TELESKI,Skienselva,1994-08-31,1508290671,17.656,311.343,1.039,1843.91,1480.592,3515.713,485.044,4.354
29613,TELESKI,Skienselva,1994-11-30,2551947554,57.61,535.885,1.695,4622.612,2505.083,5888.737,902.04,11.11
29613,TELESKI,Skienselva,1995-02-28,2280978361,34.703,575.813,2.556,1607.896,2239.09,5207.61,828.83,8.957
29613,TELESKI,Skienselva,1995-05-31,2874512865,13.863,719.484,1.876,2124.728,2808.539,6494.362,972.886,8.202
29613,TELESKI,Skienselva,1995-08-31,2297818761,21.111,474.265,1.149,2278.38,2042.434,5149.078,759.916,7.665
29613,TELESKI,Skienselva,1995-11-30,2389276462,45.35,453.991,1.539,2238.307,2045.642,5289.333,720.811,8.74
29613,TELESKI,Skienselva,1996-02-29,2074862621,27.229,469.403,1.769,1257.54,1911.368,4564.859,676.45,5.531
29613,TELESKI,Skienselva,1996-05-31,1749072553,18.592,392.768,2.183,1454.413,1630.103,3847.96,575.285,5.968
29613,TELESKI,Skienselva,1996-08-31,801710506,9.939,148.48,0.6,759.058,626.503,1763.763,256.522,2.467
29613,TELESKI,Skienselva,1996-11-30,1551018706,46.618,308.477,1.488,1300.117,1187.747,3412.241,477.695,5.533
29613,TELESKI,Skienselva,1997-02-28,1687623010,19.755,413.573,2.434,1494.42,1419.075,3712.771,590.664,13.266
29613,TELESKI,Skienselva,1997-05-31,1974895143,20.433,447.94,1.31,1360.19,1718.638,4344.769,644.307,6.089
29613,TELESKI,Skienselva,1997-08-31,1332003936,17.287,205.75,0.814,3539.372,1092.939,2930.409,386.397,5.374
29613,TELESKI,Skienselva,1997-11-30,1892753408,35.025,364.902,1.319,1572.581,1592.381,4164.057,599.627,7.064
29613,TELESKI,Skienselva,1998-02-28,2509973380,37.695,605.059,5.958,1711.356,2408.988,5521.941,851.643,11.987
29613,TELESKI,Skienselva,1998-05-31,2964937843,24.592,739.791,1.643,2221.772,2814.482,6500.13,953.386,8.895
29613,TELESKI,Skienselva,1998-08-31,1985124008,30.236,350.122,1.299,1740.271,1716.154,4251.722,611.732,5.955
29613,TELESKI,Skienselva,1998-11-30,2589966352,57.088,476.04,2.632,2825.117,2367.425,5394.943,855.559,9.408
29613,TELESKI,Skienselva,1999-02-28,2319802210,24.082,621.174,3.364,1749.96,2226.313,4701.414,853.785,7.152
29613,TELESKI,Skienselva,1999-05-31,2861755369,26.755,616.927,2.331,1820.117,2542.274,6243.437,880.164,8.97
29613,TELESKI,Skienselva,1999-08-31,2039870410,29.4,340.845,1.961,1501.861,1809.855,4984.776,558.179,6.578
29613,TELESKI,Skienselva,1999-11-30,2329339868,48.613,393.728,1.622,1509.884,2050.948,5894.581,649.028,7.757
29613,TELESKI,Skienselva,2000-02-29,2403347194,38.126,492.371,3.112,1253.594,2449.729,6064.06,678.98,8.239
29613,TELESKI,Skienselva,2000-05-31,2802508160,17.014,589.413,5.162,1820.723,3469.386,6237.803,867.21,9.899
29613,TELESKI,Skienselva,2000-08-31,2209711799,37.834,328.058,4.736,1690.714,2211.419,4743.163,762.579,8.019
29613,TELESKI,Skienselva,2000-11-30,5060708944,76.896,926.844,15.86,31247.965,6999.293,13892.794,1536.9,18.919
29613,TELESKI,Skienselva,2001-02-28,3189411928,34.66,612.877,9.69,8376.512,4358.344,9796.427,994.695,12.172
29613,TELESKI,Skienselva,2001-05-31,3252736128,49.486,627.048,6.154,6229.185,4165.805,8399.874,1050.067,12.782
29613,TELESKI,Skienselva,2001-08-31,2179752372,23.217,304.065,3.179,3924.841,1975.12,5480.691,550.296,8.753
29613,TELESKI,Skienselva,2001-11-30,2728013086,43.875,438.646,22.293,2232.082,2519.907,7652.794,678.827,11.249
29613,TELESKI,Skienselva,2002-02-28,2398721522,35.405,542.112,11.984,1616.475,2478.838,6396.652,729.64,10.119
29613,TELESKI,Skienselva,2002-05-31,2930037457,20.153,665.544,8.014,2260.929,2625.335,7333.024,873.148,12.67
29613,TELESKI,Skienselva,2002-08-31,2203073514,31.415,381.197,7.079,1777.154,1764.666,5367.008,579.866,9.711
29613,TELESKI,Skienselva,2002-11-30,1639764530,31.538,246.946,5.732,1374.607,1181.432,3777.543,420.06,7.415
29613,TELESKI,Skienselva,2003-02-28,1706418860,36.468,320.986,6.537,1475.764,1653.119,4104.39,465.798,7.865
29613,TELESKI,Skienselva,2003-05-31,2490381347,33.798,490.485,8.73,2162.913,2393.502,6414.597,728.633,11.764
29613,TELESKI,Skienselva,2003-08-31,1748734488,29.982,275.853,3.085,2287.839,1530.889,5325.946,488.382,8.408
29613,TELESKI,Skienselva,2003-11-30,1818371619,42.85,315.495,2.299,1134.66,1305.997,4918.325,493.462,8.936
29613,TELESKI,Skienselva,2004-02-29,2035553083,19.692,433.661,3.838,2692.133,2018.63,4884.337,605.632,9.921
29613,TELESKI,Skienselva,2004-05-31,2690004919,27.756,522.642,6.412,8886.001,2837.763,6257.106,841.018,16.983
29613,TELESKI,Skienselva,2004-08-31,1568524033,22.475,222.72,1.63,1494.057,1341.878,3694.318,417.065,5.148
29613,TELESKI,Skienselva,2004-11-30,2352889173,30.364,386.956,2.353,2345.197,2115.128,6378.9,656.069,8.592
29613,TELESKI,Skienselva,2005-02-28,2335933930,21.536,455.621,3.12,2551.067,2386.602,5793.127,655.243,7.839
29613,TELESKI,Skienselva,2005-05-31,2209939200,17.571,440.943,3.003,2948.402,2311.592,5134.982,644.734,8.492
29613,TELESKI,Skienselva,2005-08-31,2094358973,21.995,296.42,2.094,2092.862,1774.918,4614.667,519.931,8.154
29613,TELESKI,Skienselva,2005-11-30,2267107496,38.151,382.345,2.267,1783.693,2088.703,4981.756,607.908,9.317
29613,TELESKI,Skienselva,2006-02-28,2338074325,20.928,451.145,3.285,1230.863,2226.361,5407.292,656.217,11.189
29613,TELESKI,Skienselva,2006-05-31,2778865690,17.589,515.82,2.779,2352.225,2800.139,9928.697,744.668,9.42
29613,TELESKI,Skienselva,2006-08-31,1726164638,20.165,225.599,1.726,1304.578,1459.302,3906.48,459.805,5.931
29613,TELESKI,Skienselva,2006-11-30,2827625465,37.856,380.115,3.295,2804.895,2714.442,7276.168,830.763,10.479
29613,TELESKI,Skienselva,2007-02-28,2608202512,16.645,530.767,3.33,2450.072,2847.909,6666.838,796.32,8.556
29613,TELESKI,Skienselva,2007-05-31,2604237713,24.012,487.226,2.604,2602.528,2723.666,6163.531,769.521,7.813
29613,TELESKI,Skienselva,2007-08-31,3352283785,41.423,506.406,4.862,3821.841,3395.259,9487.511,907.202,12.482
29613,TELESKI,Skienselva,2007-11-30,1418433979,16.404,181.357,1.418,625.201,1358.249,3989.274,368.88,5.029
29613,TELESKI,Skienselva,2008-02-29,2504546170,7.238,486.879,3.699,2578.145,2660.185,5990.952,719.891,9.947
29613,TELESKI,Skienselva,2008-05-31,4048007650,19.295,723.026,4.736,3072.141,4334.034,9036.188,1133.403,11.467
29613,TELESKI,Skienselva,2008-08-31,2594992814,41.498,315.16,3.362,2534.238,2121.163,5747.301,675.393,12.522
29613,TELESKI,Skienselva,2008-11-30,2087470615,47.802,331.159,4.628,2774.97,2094.309,5245.131,661.962,20.47
29613,TELESKI,Skienselva,2009-02-28,2267367352,26.066,361.804,4.745,1352.502,2328.037,5581.782,729.361,13.973
29613,TELESKI,Skienselva,2009-05-31,2933854141,20.577,478.129,4.722,2657.547,3108.698,6534.785,824.415,13.555
29613,TELESKI,Skienselva,2009-08-31,1803328443,28.514,212.091,8.165,5092.348,1713.349,4724.276,593.131,48.292
29613,TELESKI,Skienselva,2009-11-30,2150386892,34.379,276.027,5.631,4925.029,2154.969,6487.268,600.403,10.99
29613,TELESKI,Skienselva,2010-02-28,2432321987,25.198,413.808,3.162,1880.279,2622.404,6275.345,660.617,9.582
29613,TELESKI,Skienselva,2010-05-31,2654269380,28.448,420.382,2.654,1509.722,2776.384,5983.048,677.957,8.054
29613,TELESKI,Skienselva,2010-08-31,1475020068,25.302,165.225,2.641,2212.671,1340.921,3581.394,346.858,5.005
29613,TELESKI,Skienselva,2010-11-30,2464511496,33.818,339.391,3.484,5829.536,2523.534,7352.464,699.375,10.743
29613,TELESKI,Skienselva,2011-02-28,2011715504,21.574,305.553,2.012,1231.879,2091.944,5143.155,557.834,4.393
29613,TELESKI,Skienselva,2011-05-31,2002005589,23.408,351.223,2.04,3077.742,2076.28,4852.567,598.771,8.087
29613,TELESKI,Skienselva,2011-08-31,2992086354,43.902,409.166,5.173,3562.431,3034.273,9894.605,920.551,17.211
29613,TELESKI,Skienselva,2011-11-30,3086689716,46.984,442.931,6.967,4434.351,3570.794,12642.861,1076.727,17.586
29613,TELESKI,Skienselva,2012-02-29,2253406776,20.862,351.609,4.054,1744.289,2459.521,6058.549,673.542,7.728
29613,TELESKI,Skienselva,2012-05-31,2709154475,16.23,417.587,4.428,1448.703,2870.521,6627.647,765.38,12.594
29613,TELESKI,Skienselva,2012-08-31,2171157458,11.182,257.245,3.094,2226.758,2032.387,5224.31,563.018,8.98
29613,TELESKI,Skienselva,2012-11-30,2435229254,39.469,334.661,4.993,2088.902,2427.272,6108.523,715.927,9.109
29613,TELESKI,Skienselva,2013-02-28,2301715342,44.167,350.853,2.961,1222.291,2515.785,5499.262,672.39,8.078
29613,TELESKI,Skienselva,2013-05-31,3002965700,32.259,475.988,4.568,3044.05,3113.386,6929.837,817.387,10.82
29613,TELESKI,Skienselva,2013-08-31,2448755319,30.496,297.933,4.637,3035.822,2324.55,6933.823,660.088,8.901
29613,TELESKI,Skienselva,2013-11-30,2322721053,24.106,280.278,2.323,1767.921,2132.608,6534.6,620.367,6.769
29613,TELESKI,Skienselva,2014-02-28,2764038052,11.023,460.026,4.603,2631.291,3049.95,7113.289,806.94,9.083
29613,TELESKI,Skienselva,2014-05-31,3311377909,15.119,531.486,3.377,3241.05,3579.631,8728.727,915.717,10.426
29613,TELESKI,Skienselva,2014-08-31,1900042255,18.386,178.442,1.9,963.836,1612.203,4560.52,445.129,3.581
29613,TELESKI,Skienselva,2014-11-30,3104536602,31.331,333.676,4.665,2166.717,2944.875,8543.057,743.724,10.094
29613,TELESKI,Skienselva,2015-02-28,2563552666,15.37,381.546,4.416,1606.813,2803.541,7262.619,741.969,7.119
29613,TELESKI,Skienselva,2015-05-31,2860811379,16.377,422.14,3.461,1985.895,3075.292,7272.783,790.088,8.795
29613,TELESKI,Skienselva,2015-08-31,2081909860,22.997,204.207,2.082,1505.443,1878.715,5556.41,477.038,5.665
29613,TELESKI,Skienselva,2015-11-30,3561975045,44.108,337.473,4.918,4850.006,3558.42,12355.517,961.423,15.591
29613,TELESKI,Skienselva,2016-02-29,2385180921,14.165,326.229,3.651,2564.305,2591.996,7036.989,677.312,10.639
29613,TELESKI,Skienselva,2016-05-31,2840119933,9.847,382.83,3.0,1799.346,2996.686,7472.966,762.836,14.36
29613,TELESKI,Skienselva,2016-08-31,2128438381,15.032,177.693,2.128,853.553,1814.745,4877.392,489.4,6.554
29613,TELESKI,Skienselva,2016-11-30,1871020335,30.096,168.032,1.871,774.226,1600.798,4092.533,380.4,5.613
29613,TELESKI,Skienselva,2017-02-28,1964685203,16.476,247.279,2.028,780.417,1957.746,4602.67,437.669,5.91
29613,TELESKI,Skienselva,2017-05-31,2422688531,7.887,372.703,4.289,1342.315,2486.839,5898.646,605.025,7.382
29613,TELESKI,Skienselva,2017-08-31,1943763694,29.345,259.4,2.101,1603.046,1906.432,5649.732,555.3,17.313
29613,TELESKI,Skienselva,2017-11-30,2945883016,38.667,399.528,8.69,6616.351,3163.302,10080.06,783.821,20.082
29613,TELESKI,Skienselva,2018-02-28,2505021961,15.749,339.238,4.077,1290.593,2685.836,6755.492,668.691,7.372
29613,TELESKI,Skienselva,2018-05-31,3165100229,20.741,422.479,3.165,2095.099,3260.432,7294.754,813.965,9.302
29613,TELESKI,Skienselva,2018-08-31,1368707049,24.222,106.201,1.369,906.095,1198.422,3098.016,261.231,4.129
29613,TELESKI,Skienselva,2018-11-30,2545855450,34.073,279.638,3.335,1511.464,2283.502,5794.453,488.776,8.027
29613,TELESKI,Skienselva,2019-02-28,2200336138,11.551,362.387,3.515,1600.456,2378.334,5370.762,537.941,7.258
29613,TELESKI,Skienselva,2019-05-31,2504354615,9.203,384.487,4.306,2453.633,2708.234,6001.329,587.934,9.315
29613,TELESKI,Skienselva,2019-08-31,2149929149,31.448,253.274,2.884,1153.099,2019.775,5740.941,452.537,9.876
29613,TELESKI,Skienselva,2019-11-30,1976614118,36.806,231.716,3.394,1414.355,1948.569,5844.199,442.708,6.92
29613,TELESKI,Skienselva,2020-02-29,2240259529,12.215,350.235,3.248,2588.583,2501.114,6278.595,586.594,8.446
29613,TELESKI,Skienselva,2020-05-31,2802692145,5.605,434.083,5.965,1526.774,3147.634,7574.276,673.73,9.185
29613,TELESKI,Skienselva,2020-08-31,2707557324,7.021,296.44,3.656,2341.48,2514.562,7932.75,506.305,9.094
29613,TELESKI,Skienselva,2020-11-30,4087882458,52.701,549.984,14.964,10954.177,4542.888,14592.194,990.024,29.974
29613,TELESKI,Skienselva,2021-02-28,2865523854,31.03,396.989,2.926,2310.646,3333.735,8864.693,796.963,9.793
29613,TELESKI,Skienselva,2021-05-31,2794945561,7.406,418.363,2.795,2023.375,3166.354,8244.881,715.988,8.385
29613,TELESKI,Skienselva,2021-08-31,1887572297,25.223,159.944,2.088,1528.095,1773.277,4941.326,357.731,6.227
29613,TELESKI,Skienselva,2021-11-30,2132681624,22.214,300.271,6.066,5025.707,2356.296,6735.557,582.032,11.558
29613,TELESKI,Skienselva,2022-02-28,1946271355,19.914,277.557,1.97,1471.944,2131.307,5272.404,555.092,6.059
29613,TELESKI,Skienselva,2022-05-31,1787311907,52.341,285.068,2.574,1790.191,1936.837,4574.636,469.334,7.428
29613,TELESKI,Skienselva,2022-08-31,876781763,32.718,87.571,1.615,1300.821,804.055,2048.112,214.19,4.856
29613,TELESKI,Skienselva,2022-11-30,2420804522,38.269,352.968,5.107,5319.088,2728.782,7991.986,640.278,13.763
29613,TELESKI,Skienselva,2023-02-28,2573082542,30.954,412.919,3.226,2737.634,3082.241,8001.902,643.702,10.087
29613,TELESKI,Skienselva,2023-05-31,3163944592,88.377,429.06,5.619,4653.023,3777.188,9277.944,954.39,15.122
29613,TELESKI,Skienselva,2023-08-31,2460328436,105.023,138.273,5.632,3669.306,2345.735,7182.659,713.942,12.042
29613,TELESKI,Skienselva,2023-11-30,2601321205,35.382,288.627,4.913,3050.851,2750.065,9144.187,605.429,10.186
29615,VESENUM,Numedalslågen,1990-05-31,883307844,17.666,174.435,3.647,3913.276,1114.826,1766.616,314.483,8.772
29615,VESENUM,Numedalslågen,1990-08-31,1103032767,22.061,68.82,4.522,2622.332,1392.141,2206.066,224.811,8.769
29615,VESENUM,Numedalslågen,1990-11-30,723379867,14.468,125.831,1.249,1296.325,912.98,1446.76,247.223,4.351
29615,VESENUM,Numedalslågen,1991-02-28,752423702,15.048,136.098,1.585,1311.566,949.636,1504.847,247.501,4.329
29615,VESENUM,Numedalslågen,1991-05-31,1139540609,22.791,197.208,6.106,5740.605,1438.218,2279.081,385.995,11.71
29615,VESENUM,Numedalslågen,1991-08-31,628199288,12.564,61.303,0.993,1208.344,792.852,1256.399,144.51,3.264
29615,VESENUM,Numedalslågen,1991-11-30,501300453,10.026,258.431,6.614,6130.896,632.693,1948.683,375.558,12.545
29615,VESENUM,Numedalslågen,1992-02-29,422635723,16.555,120.457,2.211,1507.256,533.41,1814.184,195.764,4.799
29615,VESENUM,Numedalslågen,1992-05-31,768488978,26.403,246.218,3.423,3202.843,969.912,3300.924,358.906,8.38
29615,VESENUM,Numedalslågen,1992-08-31,596936350,13.559,96.277,1.275,1078.994,753.395,2565.356,159.845,3.814
29615,VESENUM,Numedalslågen,1992-11-30,719732078,21.985,236.823,1.287,1699.531,908.376,3094.694,375.712,5.023
29615,VESENUM,Numedalslågen,1993-02-28,969618623,38.618,347.066,5.355,4658.799,1223.759,4169.36,533.965,9.793
29615,VESENUM,Numedalslågen,1993-05-31,934861320,21.734,194.645,4.886,4233.328,1179.891,4019.904,345.06,9.648
29615,VESENUM,Numedalslågen,1993-08-31,977952967,11.085,64.697,2.554,2234.407,1234.277,4205.198,206.95,5.937
29615,VESENUM,Numedalslågen,1993-11-30,841756965,23.132,263.345,8.39,8794.273,1062.384,3607.925,511.062,15.205
29615,VESENUM,Numedalslågen,1994-02-28,862802161,35.363,211.029,4.285,4645.503,1088.945,3626.101,372.161,8.338
29615,VESENUM,Numedalslågen,1994-05-31,1317031741,27.626,498.554,6.034,8433.622,1662.23,5375.985,673.674,13.033
29615,VESENUM,Numedalslågen,1994-08-31,803737323,9.136,85.618,1.616,2628.44,1014.399,3203.687,234.076,6.199
29615,VESENUM,Numedalslågen,1994-11-30,1003472646,29.063,268.989,2.861,4453.544,1266.486,3900.886,503.125,8.977
29615,VESENUM,Numedalslågen,1995-02-28,905213614,42.633,209.207,4.252,3849.004,1142.473,3419.932,365.154,19.65
29615,VESENUM,Numedalslågen,1995-05-31,1171020760,30.837,277.161,4.229,5749.601,1558.554,4287.199,476.656,9.203
29615,VESENUM,Numedalslågen,1995-08-31,1176300748,15.634,152.163,3.193,4805.401,1155.459,4215.886,374.464,9.748
29615,VESENUM,Numedalslågen,1995-11-30,801655089,20.713,129.686,2.129,2633.465,955.808,2778.607,301.985,6.132
29615,VESENUM,Numedalslågen,1996-02-29,658535735,27.522,81.368,2.352,1808.433,600.493,2239.204,177.633,3.917
29615,VESENUM,Numedalslågen,1996-05-31,834229671,22.336,264.537,5.491,7875.43,1000.298,2836.381,430.896,13.225
29615,VESENUM,Numedalslågen,1996-08-31,604552596,6.336,66.035,0.902,1102.737,293.456,2055.479,181.466,4.849
29615,VESENUM,Numedalslågen,1996-11-30,614336120,26.17,189.762,1.973,1387.698,907.061,2088.743,334.277,5.773
29615,VESENUM,Numedalslågen,1997-02-28,336611354,27.984,138.909,1.819,1424.716,619.739,1144.479,216.989,3.384
29615,VESENUM,Numedalslågen,1997-05-31,772672167,23.486,140.683,2.533,2942.539,993.87,2627.085,278.106,6.325
29615,VESENUM,Numedalslågen,1997-08-31,776845262,11.41,56.788,1.179,1789.316,622.759,2641.274,186.057,4.658
29615,VESENUM,Numedalslågen,1997-11-30,775253473,20.396,240.762,2.768,3064.907,1202.091,2635.862,408.306,7.621
29615,VESENUM,Numedalslågen,1998-02-28,746878007,26.722,332.569,6.408,6415.237,1337.473,2539.385,488.117,11.705
29615,VESENUM,Numedalslågen,1998-05-31,1254581699,39.958,315.159,5.445,6105.719,1556.014,4199.547,526.498,13.461
29615,VESENUM,Numedalslågen,1998-08-31,888965076,14.71,95.928,4.732,4316.302,816.672,2748.551,274.127,10.968
29615,VESENUM,Numedalslågen,1998-11-30,954289839,25.092,218.361,3.226,4452.6,1486.841,2607.487,444.429,10.166
29615,VESENUM,Numedalslågen,1999-02-28,707395465,36.595,205.095,1.732,962.694,1065.418,1655.093,287.836,4.974
29615,VESENUM,Numedalslågen,1999-05-31,1252806445,36.729,217.679,3.113,8167.251,1586.557,4758.058,400.281,8.679
29615,VESENUM,Numedalslågen,1999-08-31,1034292376,14.049,156.966,2.047,11929.828,1297.404,4569.731,357.399,7.124
29615,VESENUM,Numedalslågen,1999-11-30,811321509,24.083,302.259,14.948,10095.897,1547.951,4500.751,580.981,5.543
29615,VESENUM,Numedalslågen,2000-02-29,848166313,34.103,144.898,2.67,1393.044,1314.876,2209.146,269.836,5.754
29615,VESENUM,Numedalslågen,2000-05-31,1054987117,24.709,302.236,6.194,6689.794,1861.168,4433.47,499.197,7.1
29615,VESENUM,Numedalslågen,2000-08-31,1128123422,27.068,210.582,5.004,5260.975,1659.231,4437.743,436.4,7.542
29615,VESENUM,Numedalslågen,2000-11-30,2033917747,58.6,591.58,11.344,60600.346,7001.972,13545.668,1225.505,13.479
29615,VESENUM,Numedalslågen,2001-02-28,1210333181,39.978,319.86,4.094,7558.527,2618.095,4889.044,500.053,7.976
29615,VESENUM,Numedalslågen,2001-05-31,1429005006,48.633,442.03,6.894,30092.626,3463.843,5949.429,769.546,9.332
29615,VESENUM,Numedalslågen,2001-08-31,858846102,15.498,80.818,16.817,2150.245,961.324,3285.681,219.855,5.574
29615,VESENUM,Numedalslågen,2001-11-30,1127657632,26.472,223.291,3.456,5290.619,1964.293,7052.547,434.809,7.26
29615,VESENUM,Numedalslågen,2002-02-28,796013748,37.131,179.79,5.762,1654.672,1278.315,2492.742,286.722,5.087
29615,VESENUM,Numedalslågen,2002-05-31,943655242,21.851,186.625,2.38,4274.508,1293.711,4077.333,316.579,5.978
29615,VESENUM,Numedalslågen,2002-08-31,925513545,12.495,103.935,2.352,2061.942,1030.891,2885.612,252.219,5.824
29615,VESENUM,Numedalslågen,2002-11-30,627252282,14.961,180.829,4.77,2956.529,848.632,2639.392,301.752,3.914
29615,VESENUM,Numedalslågen,2003-02-28,573364313,30.839,188.013,2.473,2026.57,959.214,1918.636,274.41,3.552
29615,VESENUM,Numedalslågen,2003-05-31,1174916051,29.854,428.773,2.443,10141.854,2129.027,6401.5,625.424,7.209
29615,VESENUM,Numedalslågen,2003-08-31,760447135,18.351,98.913,1.167,1988.117,910.938,3671.786,214.809,4.637
29615,VESENUM,Numedalslågen,2003-11-30,620830544,21.333,95.476,0.621,941.142,740.901,2217.41,183.599,3.751
29615,VESENUM,Numedalslågen,2004-02-29,623001421,32.513,192.161,1.765,3544.655,1002.182,1996.842,291.587,4.596
29615,VESENUM,Numedalslågen,2004-05-31,1240336994,33.327,381.446,5.997,8693.795,2137.972,5722.573,650.751,15.106
29615,VESENUM,Numedalslågen,2004-08-31,748915401,13.316,93.058,1.411,1676.539,882.64,3111.745,237.038,4.15
29615,VESENUM,Numedalslågen,2004-11-30,911044265,22.879,223.539,3.739,5078.506,1674.234,5539.654,458.777,9.817
29615,VESENUM,Numedalslågen,2005-02-28,753809863,27.829,203.323,2.42,2902.171,1270.495,2361.119,339.297,5.486
29615,VESENUM,Numedalslågen,2005-05-31,717365547,16.003,149.341,1.972,2322.441,1087.962,2395.917,277.513,5.473
29615,VESENUM,Numedalslågen,2005-08-31,870364734,12.467,102.462,1.305,1419.036,1030.36,2850.394,234.387,5.071
29615,VESENUM,Numedalslågen,2005-11-30,771034218,16.026,260.681,3.978,5135.958,1338.768,3966.564,397.173,12.023
29615,VESENUM,Numedalslågen,2006-02-28,947428220,29.064,196.853,2.764,2420.893,1438.56,2806.347,330.582,7.112
29615,VESENUM,Numedalslågen,2006-05-31,1159659597,23.889,441.847,8.427,9587.876,2072.928,5739.953,669.715,15.817
29615,VESENUM,Numedalslågen,2006-08-31,638930221,14.867,75.077,1.174,2276.432,679.533,2100.902,190.712,3.727
29615,VESENUM,Numedalslågen,2006-11-30,1158885956,23.515,297.383,5.608,6361.474,2140.685,6402.826,609.429,12.55
29615,VESENUM,Numedalslågen,2007-02-28,871667837,23.422,307.531,9.619,6741.809,1841.149,3485.239,496.475,15.424
29615,VESENUM,Numedalslågen,2007-05-31,899431799,19.277,257.966,23.522,61671.184,1741.201,3219.826,448.574,29.937
29615,VESENUM,Numedalslågen,2007-08-31,1858663592,30.135,268.362,61.257,92436.36,3309.964,10479.593,697.98,101.067
29615,VESENUM,Numedalslågen,2007-11-30,711985458,12.383,133.784,1.626,1212.122,1035.704,2348.442,259.333,3.971
29615,VESENUM,Numedalslågen,2008-02-29,1032631573,49.356,467.417,6.798,7432.674,2011.905,3632.298,684.896,12.099
29615,VESENUM,Numedalslågen,2008-05-31,1415479324,20.342,341.561,8.319,14936.576,2455.116,6286.064,608.503,16.563
29615,VESENUM,Numedalslågen,2008-08-31,961284225,14.163,76.004,2.299,2854.225,1098.839,2774.523,228.05,6.923
29615,VESENUM,Numedalslågen,2008-11-30,1018876221,24.56,174.769,3.206,3292.972,1616.565,4161.18,382.622,10.072
29615,VESENUM,Numedalslågen,2009-02-28,917451581,40.068,179.068,2.083,2001.648,1359.653,2093.512,350.498,9.426
29615,VESENUM,Numedalslågen,2009-05-31,1087642858,37.115,272.301,7.01,9982.948,1876.471,3797.32,522.668,14.043
29615,VESENUM,Numedalslågen,2009-08-31,855307193,13.646,84.517,1.422,1497.27,1149.243,4128.212,261.059,6.252
29615,VESENUM,Numedalslågen,2009-11-30,974234738,19.283,251.711,11.49,10873.15,2042.163,5447.915,527.458,20.444
29615,VESENUM,Numedalslågen,2010-02-28,877156028,33.281,215.446,7.182,5588.618,1548.418,2655.001,405.812,11.333
29615,VESENUM,Numedalslågen,2010-05-31,957734297,29.36,336.061,4.99,4130.766,1827.762,4670.773,530.906,10.929
29615,VESENUM,Numedalslågen,2010-08-31,803151838,16.221,86.233,2.88,2848.178,1035.436,3888.168,235.565,7.963
29615,VESENUM,Numedalslågen,2010-11-30,1021670934,18.811,210.34,4.933,4543.226,1930.033,5947.262,472.072,11.478
29615,VESENUM,Numedalslågen,2011-02-28,683560177,36.271,126.859,3.392,2999.434,1040.109,2110.723,324.029,6.449
29615,VESENUM,Numedalslågen,2011-05-31,787474928,29.177,378.455,6.307,7234.666,1586.889,3242.121,571.254,13.774
29615,VESENUM,Numedalslågen,2011-08-31,1646102138,28.527,209.322,4.729,5180.876,2507.867,8933.525,565.292,14.447
29615,VESENUM,Numedalslågen,2011-11-30,1311009981,38.942,255.157,4.273,4729.714,2363.844,6463.247,578.853,11.46
29615,VESENUM,Numedalslågen,2012-02-29,895263289,22.41,282.708,13.568,12261.154,1771.151,3207.654,498.253,20.519
29615,VESENUM,Numedalslågen,2012-05-31,1057130769,20.393,182.719,7.255,2626.532,1686.747,3830.42,381.285,17.17
29615,VESENUM,Numedalslågen,2012-08-31,1279552441,16.272,144.891,6.211,4848.335,1753.308,5058.595,405.068,13.066
29615,VESENUM,Numedalslågen,2012-11-30,1148247236,22.518,252.331,10.186,10592.957,2226.93,6346.808,571.01,17.617
29615,VESENUM,Numedalslågen,2013-02-28,821638074,56.549,231.401,9.098,7296.095,1605.912,3000.785,542.587,16.313
29615,VESENUM,Numedalslågen,2013-05-31,1117055374,39.233,284.608,10.258,9363.709,1918.496,5766.844,543.45,16.93
29615,VESENUM,Numedalslågen,2013-08-31,1106325164,15.827,193.15,4.362,3734.991,1423.515,5509.13,437.826,8.797
29615,VESENUM,Numedalslågen,2013-11-30,816058138,17.667,158.287,3.055,3149.989,1249.363,3796.619,338.049,7.791
29615,VESENUM,Numedalslågen,2014-02-28,945475086,30.084,334.161,12.261,11781.478,2024.694,3882.072,533.252,19.983
29615,VESENUM,Numedalslågen,2014-05-31,1435945347,32.128,325.576,4.005,3825.177,2248.75,5012.473,587.334,9.441
29615,VESENUM,Numedalslågen,2014-08-31,634472147,16.219,69.542,2.972,1770.798,747.03,1980.636,187.196,5.472
29615,VESENUM,Numedalslågen,2014-11-30,1324989983,34.417,281.327,15.562,9627.069,2475.479,7428.443,638.424,24.953
29615,VESENUM,Numedalslågen,2015-02-28,882255239,36.077,262.92,8.181,6883.58,1787.572,2886.118,502.039,13.79
29615,VESENUM,Numedalslågen,2015-05-31,949003767,23.997,190.392,4.099,3910.88,1688.394,3289.695,385.37,7.196
29615,VESENUM,Numedalslågen,2015-08-31,910142639,19.798,109.818,4.185,5639.68,1188.057,4430.417,311.316,8.97
29615,VESENUM,Numedalslågen,2015-11-30,1468460526,32.399,250.1,13.362,21320.426,2606.943,9404.732,661.388,24.552
29615,VESENUM,Numedalslågen,2016-02-29,867997868,28.847,251.676,5.052,3046.269,1825.249,3157.907,440.196,8.592
29615,VESENUM,Numedalslågen,2016-05-31,1136445793,27.633,215.241,4.813,4030.448,2042.235,4802.267,452.698,9.248
29615,VESENUM,Numedalslågen,2016-08-31,769023247,14.994,54.93,1.551,2112.494,951.425,2926.516,205.614,4.929
29615,VESENUM,Numedalslågen,2016-11-30,727391526,26.51,100.77,1.551,1201.532,1125.527,3267.265,271.49,4.148
29615,VESENUM,Numedalslågen,2017-02-28,804183967,31.018,144.457,2.196,1729.689,1256.862,2672.207,296.903,6.252
29615,VESENUM,Numedalslågen,2017-05-31,937585568,36.907,354.486,5.816,5568.541,1680.292,4131.393,521.148,14.65
29615,VESENUM,Numedalslågen,2017-08-31,931287229,23.21,93.964,1.998,2128.099,1131.082,3244.599,274.555,5.773
29615,VESENUM,Numedalslågen,2017-11-30,1155563555,29.07,274.76,28.292,13714.278,2146.048,6525.061,544.098,40.604
29615,VESENUM,Numedalslågen,2018-02-28,910704403,42.968,227.312,3.951,4129.246,1648.335,2907.276,452.256,7.423
29615,VESENUM,Numedalslågen,2018-05-31,1397847972,54.801,307.297,8.037,6829.96,2323.823,5505.67,628.374,13.288
29615,VESENUM,Numedalslågen,2018-08-31,531066323,14.196,45.727,2.425,1337.671,568.782,1404.004,112.931,4.049
29615,VESENUM,Numedalslågen,2018-11-30,775112604,36.794,260.068,6.131,4704.701,1322.024,3751.793,425.53,11.895
29615,VESENUM,Numedalslågen,2019-02-28,711662226,76.67,364.224,6.597,4349.862,1424.89,2714.104,527.625,10.222
29615,VESENUM,Numedalslågen,2019-05-31,1273417267,11.457,357.862,6.46,6240.733,2109.998,5530.662,563.473,12.49
29615,VESENUM,Numedalslågen,2019-08-31,814150289,20.278,101.115,2.441,1956.255,1015.716,3016.194,210.065,5.466
29615,VESENUM,Numedalslågen,2019-11-30,920996055,44.379,296.233,4.928,3117.544,1699.56,5373.376,528.62,10.226
29615,VESENUM,Numedalslågen,2020-02-29,1037744892,25.444,338.306,7.943,5738.741,2048.113,4755.432,547.986,12.127
29615,VESENUM,Numedalslågen,2020-05-31,1073257500,14.677,181.102,4.331,2215.096,1603.991,4310.991,337.854,6.888
29615,VESENUM,Numedalslågen,2020-08-31,1219885963,2.783,75.122,6.031,7663.144,1667.428,6065.927,285.893,13.237
29615,VESENUM,Numedalslågen,2020-11-30,1401124819,16.796,424.372,30.794,32550.824,3073.439,9790.706,730.175,50.585
29615,VESENUM,Numedalslågen,2021-02-28,1205143339,103.173,285.173,5.331,4258.289,2205.535,4307.645,608.379,10.93
29615,VESENUM,Numedalslågen,2021-05-31,1330436727,45.56,277.446,4.942,4519.69,2249.023,5974.998,570.326,9.692
29615,VESENUM,Numedalslågen,2021-08-31,662051047,14.346,64.862,1.719,1432.05,823.634,3214.036,175.973,4.676
29615,VESENUM,Numedalslågen,2021-11-30,869771852,14.623,314.072,18.998,24066.329,1860.778,5977.771,550.599,28.468
29615,VESENUM,Numedalslågen,2022-02-28,586951499,33.777,123.692,1.512,1986.349,1043.757,1788.796,245.377,3.577
29615,VESENUM,Numedalslågen,2022-05-31,507071377,13.87,118.633,1.601,1278.009,856.972,1844.346,165.961,3.413
29615,VESENUM,Numedalslågen,2022-08-31,534919241,10.126,31.737,0.842,1109.444,574.967,1270.039,85.346,3.25
29615,VESENUM,Numedalslågen,2022-11-30,877499851,16.811,253.436,13.963,13194.228,1813.373,6913.237,444.764,21.857
29615,VESENUM,Numedalslågen,2023-02-28,847507766,36.036,254.988,4.475,4284.361,1794.704,3970.406,389.604,8.815
29615,VESENUM,Numedalslågen,2023-05-31,1360089009,26.226,280.403,8.955,6654.797,2517.194,6217.379,539.631,15.42
29615,VESENUM,Numedalslågen,2023-08-31,1305458447,6.436,61.806,6.551,6957.233,1813.387,5737.171,314.806,12.821
29615,VESENUM,Numedalslågen,2023-11-30,1095573572,20.499,232.501,7.738,6128.587,2087.796,6648.132,475.153,15.661
29617,ØSTEGLO,Glomma ved Sarpsfoss,1990-05-31,6858126222,445.778,2153.464,71.156,94128.536,10899.723,28233.93,3449.961,145.569
29617,ØSTEGLO,Glomma ved Sarpsfoss,1990-08-31,8216640859,534.082,1909.954,14.798,29959.181,13058.83,25062.668,3251.654,78.181
29617,ØSTEGLO,Glomma ved Sarpsfoss,1990-11-30,4301467768,279.595,1174.544,8.303,8561.593,6836.387,9360.813,1762.464,30.047
29617,ØSTEGLO,Glomma ved Sarpsfoss,1991-02-28,3569218744,231.999,1915.84,35.948,29988.098,5672.613,11912.46,2620.839,63.203
29617,ØSTEGLO,Glomma ved Sarpsfoss,1991-05-31,4565841002,296.78,1947.892,76.062,38632.229,7256.559,20564.973,3152.949,193.782
29617,ØSTEGLO,Glomma ved Sarpsfoss,1991-08-31,6171530205,401.149,1394.297,16.792,28034.726,9808.505,21229.632,2414.953,65.478
29617,ØSTEGLO,Glomma ved Sarpsfoss,1991-11-30,3754352044,244.033,1425.497,25.694,21077.941,5966.848,13686.164,2147.684,58.679
29617,ØSTEGLO,Glomma ved Sarpsfoss,1992-02-29,3442254759,214.643,1408.94,17.677,12166.863,5470.827,11726.342,2000.565,39.43
29617,ØSTEGLO,Glomma ved Sarpsfoss,1992-05-31,5281071449,205.718,2612.095,68.58,73251.747,8393.286,32023.104,3761.785,142.295
29617,ØSTEGLO,Glomma ved Sarpsfoss,1992-08-31,6246808142,167.145,1373.875,23.406,29086.466,9928.146,20255.199,2372.527,87.359
29617,ØSTEGLO,Glomma ved Sarpsfoss,1992-11-30,5060370225,124.686,2046.749,22.066,87742.962,8042.522,24291.283,2960.888,83.31
29617,ØSTEGLO,Glomma ved Sarpsfoss,1993-02-28,4265235759,211.662,2394.354,76.314,274533.275,6778.803,28360.59,3557.045,208.957
29617,ØSTEGLO,Glomma ved Sarpsfoss,1993-05-31,6696055795,156.113,2311.373,51.379,63746.766,10642.142,26660.643,3632.83,105.229
29617,ØSTEGLO,Glomma ved Sarpsfoss,1993-08-31,8504403380,129.33,1998.085,25.072,34669.914,13516.176,25781.345,3472.397,77.214
29617,ØSTEGLO,Glomma ved Sarpsfoss,1993-11-30,5206468853,96.751,1740.315,25.312,26466.744,8274.719,22166.356,2979.901,68.06
29617,ØSTEGLO,Glomma ved Sarpsfoss,1994-02-28,3631710237,175.658,2056.199,45.757,45131.006,5771.931,21568.919,3021.78,94.117
29617,ØSTEGLO,Glomma ved Sarpsfoss,1994-05-31,6558905427,200.186,2347.275,66.806,86750.655,10424.167,36113.095,3963.818,145.377
29617,ØSTEGLO,Glomma ved Sarpsfoss,1994-08-31,6778616152,112.607,1626.77,13.917,27728.632,10773.356,35240.097,2819.503,55.708
29617,ØSTEGLO,Glomma ved Sarpsfoss,1994-11-30,4427621345,110.346,1908.34,11.493,21138.668,7036.885,21384.041,2674.46,43.618
29617,ØSTEGLO,Glomma ved Sarpsfoss,1995-02-28,3986038805,195.272,2392.075,31.774,41186.612,6347.802,17681.349,3250.656,90.589
29617,ØSTEGLO,Glomma ved Sarpsfoss,1995-05-31,5269005369,204.626,2304.235,77.323,60984.63,8553.532,24963.734,3524.475,88.794
29617,ØSTEGLO,Glomma ved Sarpsfoss,1995-08-31,11940557565,242.143,3510.456,246.492,218126.762,13978.453,51055.039,5937.85,467.25
29617,ØSTEGLO,Glomma ved Sarpsfoss,1995-11-30,3019761840,50.213,1044.01,10.165,11052.536,3353.861,10432.749,1545.186,27.468
29617,ØSTEGLO,Glomma ved Sarpsfoss,1996-02-29,2699650516,132.973,1019.489,8.231,5403.945,3639.143,10842.982,1509.737,16.822
29617,ØSTEGLO,Glomma ved Sarpsfoss,1996-05-31,3471159326,306.437,1849.755,41.566,59501.087,4786.005,21334.556,2892.528,112.257
29617,ØSTEGLO,Glomma ved Sarpsfoss,1996-08-31,5484844143,145.035,1835.195,13.005,26733.069,5999.314,23744.481,2963.979,72.381
29617,ØSTEGLO,Glomma ved Sarpsfoss,1996-11-30,4573224723,124.343,1948.663,31.39,34523.39,5794.691,19321.435,2914.997,68.875
29617,ØSTEGLO,Glomma ved Sarpsfoss,1997-02-28,3651430175,182.553,1642.498,65.65,81933.507,5393.609,16176.197,2403.524,119.756
29617,ØSTEGLO,Glomma ved Sarpsfoss,1997-05-31,5066943537,225.142,3095.897,74.547,87823.254,7766.365,23777.597,4147.57,128.66
29617,ØSTEGLO,Glomma ved Sarpsfoss,1997-08-31,8226996078,120.279,2048.398,29.027,43986.618,8170.531,39988.251,3409.71,81.801
29617,ØSTEGLO,Glomma ved Sarpsfoss,1997-11-30,4692354760,87.359,1362.29,13.749,15582.937,5402.126,23776.958,2186.138,39.32
29617,ØSTEGLO,Glomma ved Sarpsfoss,1998-02-28,3968209819,150.385,2469.166,23.898,29246.524,6374.367,20237.87,3295.154,59.608
29617,ØSTEGLO,Glomma ved Sarpsfoss,1998-05-31,6666059428,293.667,2305.38,38.969,44922.335,9726.893,33996.903,3563.574,88.689
29617,ØSTEGLO,Glomma ved Sarpsfoss,1998-08-31,8161713178,129.622,1804.533,31.823,31510.01,9273.29,41356.256,3921.536,80.093
29617,ØSTEGLO,Glomma ved Sarpsfoss,1998-11-30,5869698094,116.036,1996.852,29.676,29747.739,8411.597,27525.1,3231.46,76.284
29617,ØSTEGLO,Glomma ved Sarpsfoss,1999-02-28,3564356293,126.318,1592.527,16.454,14134.142,7118.151,14731.622,2143.476,29.635
29617,ØSTEGLO,Glomma ved Sarpsfoss,1999-05-31,6830752427,334.653,2337.662,75.682,51381.795,14185.511,32201.578,4003.493,59.078
29617,ØSTEGLO,Glomma ved Sarpsfoss,1999-08-31,9548412019,112.579,2461.424,33.84,45182.647,11842.878,32209.173,4412.033,85.801
29617,ØSTEGLO,Glomma ved Sarpsfoss,1999-11-30,4420867941,157.55,2138.387,68.31,56339.119,9543.454,19609.679,3399.302,41.944
29617,ØSTEGLO,Glomma ved Sarpsfoss,2000-02-29,4123177917,229.844,2319.078,49.83,212947.612,10978.05,17436.283,3860.978,40.918
29617,ØSTEGLO,Glomma ved Sarpsfoss,2000-05-31,7076486267,217.057,2255.54,79.529,92302.539,17306.102,36862.302,4477.979,73.931
29617,ØSTEGLO,Glomma ved Sarpsfoss,2000-08-31,8642915685,195.255,2222.276,33.718,32893.793,13614.131,31149.591,4787.009,93.382
29617,ØSTEGLO,Glomma ved Sarpsfoss,2000-11-30,10126683445,407.912,3252.8,65.191,60891.549,36895.573,56312.677,5798.266,114.616
29617,ØSTEGLO,Glomma ved Sarpsfoss,2001-02-28,6363596999,190.144,2051.785,27.367,32918.71,23818.084,36828.709,3599.873,74.18
29617,ØSTEGLO,Glomma ved Sarpsfoss,2001-05-31,5992240850,236.389,1970.289,20.921,107961.609,13184.393,28379.696,3770.09,73.173
29617,ØSTEGLO,Glomma ved Sarpsfoss,2001-08-31,8238792023,132.305,1784.04,20.474,26484.127,10495.906,29965.12,3188.876,103.662
29617,ØSTEGLO,Glomma ved Sarpsfoss,2001-11-30,6041954904,136.923,2090.242,69.432,60052.505,10010.869,33185.538,3309.699,78.736
29617,ØSTEGLO,Glomma ved Sarpsfoss,2002-02-28,3855022778,138.478,1459.692,14.057,17332.245,8450.195,15186.219,2002.126,51.968
29617,ØSTEGLO,Glomma ved Sarpsfoss,2002-05-31,6961318227,176.674,2307.027,62.173,42743.229,14400.033,34974.47,3578.867,97.298
29617,ØSTEGLO,Glomma ved Sarpsfoss,2002-08-31,8612840528,108.509,2775.109,27.083,54583.893,13683.925,34816.802,4258.674,123.421
29617,ØSTEGLO,Glomma ved Sarpsfoss,2002-11-30,3132048427,71.995,1090.592,9.552,9757.66,4011.188,11106.571,1612.261,46.396
29617,ØSTEGLO,Glomma ved Sarpsfoss,2003-02-28,2458599036,137.698,1349.265,8.36,14275.404,5910.966,9495.324,1735.456,37.495
29617,ØSTEGLO,Glomma ved Sarpsfoss,2003-05-31,5204622922,193.457,2671.739,12.487,44671.743,11288.22,29118.775,3522.179,82.047
29617,ØSTEGLO,Glomma ved Sarpsfoss,2003-08-31,6848176208,116.628,1934.569,9.327,36041.38,16022.863,25247.701,2874.669,110.36
29617,ØSTEGLO,Glomma ved Sarpsfoss,2003-11-30,3817924081,77.887,2713.551,10.172,19334.432,6106.647,14494.8,3470.239,63.257
29617,ØSTEGLO,Glomma ved Sarpsfoss,2004-02-29,3613070844,159.113,2002.72,26.071,20663.877,6571.378,14464.112,2624.868,61.696
29617,ØSTEGLO,Glomma ved Sarpsfoss,2004-05-31,6016832243,216.241,1880.238,42.606,47253.49,9968.821,24337.068,3454.938,94.186
29617,ØSTEGLO,Glomma ved Sarpsfoss,2004-08-31,4917828389,71.686,1431.184,14.744,22482.618,5148.42,12539.586,2371.79,40.008
29617,ØSTEGLO,Glomma ved Sarpsfoss,2004-11-30,5639091877,78.943,2103.89,44.737,48643.057,10380.243,29158.791,3569.646,95.947
29617,ØSTEGLO,Glomma ved Sarpsfoss,2005-02-28,4257795759,121.216,2680.886,125.225,139101.212,9397.265,19899.899,3616.011,213.121
29617,ØSTEGLO,Glomma ved Sarpsfoss,2005-05-31,4374404525,57.044,1467.307,17.393,23860.94,7489.648,17291.466,2276.018,49.28
29617,ØSTEGLO,Glomma ved Sarpsfoss,2005-08-31,7981622419,137.815,1807.294,32.994,37507.886,9527.663,23476.774,3336.574,91.862
29617,ØSTEGLO,Glomma ved Sarpsfoss,2005-11-30,5508526077,83.582,2101.328,43.176,49350.705,10072.299,21754.716,3004.709,99.864
29617,ØSTEGLO,Glomma ved Sarpsfoss,2006-02-28,4183733435,87.638,1592.95,17.598,10715.142,7081.142,16600.598,2196.632,37.96
29617,ØSTEGLO,Glomma ved Sarpsfoss,2006-05-31,6415283047,187.075,3115.04,71.773,80695.209,12970.57,34820.956,4934.358,140.454
29617,ØSTEGLO,Glomma ved Sarpsfoss,2006-08-31,5292417167,50.746,1253.637,16.613,21990.892,6142.447,16309.743,2409.303,53.084
29617,ØSTEGLO,Glomma ved Sarpsfoss,2006-11-30,6412401595,67.595,2803.581,85.495,83737.26,12721.912,34646.55,4896.887,158.722
29617,ØSTEGLO,Glomma ved Sarpsfoss,2007-02-28,6201875498,167.924,2418.78,77.605,63987.237,13411.571,30778.99,3916.128,127.734
29617,ØSTEGLO,Glomma ved Sarpsfoss,2007-05-31,5958752974,142.823,2146.88,34.497,32214.577,10700.38,22730.603,3191.472,68.894
29617,ØSTEGLO,Glomma ved Sarpsfoss,2007-08-31,9139605997,106.463,2995.606,62.224,55094.518,12620.035,28013.886,4590.831,131.147
29617,ØSTEGLO,Glomma ved Sarpsfoss,2007-11-30,3626577650,14.7,1281.206,19.215,15107.006,5707.276,12255.095,1917.66,39.043
29617,ØSTEGLO,Glomma ved Sarpsfoss,2008-02-29,4621579092,58.191,2414.926,80.469,74472.062,12223.507,19853.28,3312.903,122.931
29617,ØSTEGLO,Glomma ved Sarpsfoss,2008-05-31,8899635061,235.084,2996.095,174.335,230135.708,25181.658,41036.576,4867.089,274.756
29617,ØSTEGLO,Glomma ved Sarpsfoss,2008-08-31,8266616045,92.356,2141.312,26.004,34572.957,10616.55,23317.551,3616.925,76.534
29617,ØSTEGLO,Glomma ved Sarpsfoss,2008-11-30,4509472594,79.164,1960.076,82.833,75785.001,9123.172,21877.087,3192.885,177.593
29617,ØSTEGLO,Glomma ved Sarpsfoss,2009-02-28,3937234209,119.493,1469.6,19.654,15009.117,7705.024,15158.945,2237.839,46.466
29617,ØSTEGLO,Glomma ved Sarpsfoss,2009-05-31,6209529355,179.335,1854.712,51.467,68647.604,12262.556,28961.218,3340.611,105.392
29617,ØSTEGLO,Glomma ved Sarpsfoss,2009-08-31,8569438655,66.583,1938.863,41.616,42158.715,12779.629,31540.771,3739.818,112.899
29617,ØSTEGLO,Glomma ved Sarpsfoss,2009-11-30,5670247579,58.447,1783.931,39.516,36279.412,10266.765,26864.165,3185.647,89.249
29617,ØSTEGLO,Glomma ved Sarpsfoss,2010-02-28,4297775908,140.95,1553.817,26.961,22376.677,8342.942,19558.453,2627.088,53.658
29617,ØSTEGLO,Glomma ved Sarpsfoss,2010-05-31,5072886532,167.626,1898.858,53.895,63308.72,10239.482,25710.699,3222.533,98.601
29617,ØSTEGLO,Glomma ved Sarpsfoss,2010-08-31,8179362072,152.632,2278.011,38.067,50004.111,12444.13,31926.258,3742.045,102.365
29617,ØSTEGLO,Glomma ved Sarpsfoss,2010-11-30,6701807444,88.949,2225.767,55.521,48083.931,13351.076,39522.619,3780.702,110.945
29617,ØSTEGLO,Glomma ved Sarpsfoss,2011-02-28,2943583449,90.482,1118.218,9.203,4486.59,5107.214,9455.431,1738.851,20.593
29617,ØSTEGLO,Glomma ved Sarpsfoss,2011-05-31,5007063360,218.501,1751.702,63.195,65881.003,10208.564,22153.196,3272.898,137.754
29617,ØSTEGLO,Glomma ved Sarpsfoss,2011-08-31,12327212423,259.69,3455.26,132.834,165443.46,19697.722,56070.534,6507.915,249.306
29617,ØSTEGLO,Glomma ved Sarpsfoss,2011-11-30,8744576918,97.69,2818.148,166.049,177904.337,18681.341,52292.321,5264.551,296.723
29617,ØSTEGLO,Glomma ved Sarpsfoss,2012-02-29,4189229954,75.501,1922.278,55.931,65840.254,9537.895,19559.993,2856.94,89.017
29617,ØSTEGLO,Glomma ved Sarpsfoss,2012-05-31,5935071025,88.48,1972.094,40.771,41484.134,11356.124,25996.303,4312.986,87.628
29617,ØSTEGLO,Glomma ved Sarpsfoss,2012-08-31,10865732780,112.328,2798.011,70.306,74312.104,16487.309,41869.137,5198.282,169.305
29617,ØSTEGLO,Glomma ved Sarpsfoss,2012-11-30,6565264893,96.081,1812.157,80.625,69542.906,13718.734,37544.741,3762.725,145.7
29617,ØSTEGLO,Glomma ved Sarpsfoss,2013-02-28,4217175917,113.526,1477.855,23.026,10860.294,8662.351,17634.368,2349.153,47.187
29617,ØSTEGLO,Glomma ved Sarpsfoss,2013-05-31,6178853857,242.47,2228.112,117.954,111879.259,12684.322,27499.778,3779.634,187.63
29617,ØSTEGLO,Glomma ved Sarpsfoss,2013-08-31,9227857949,139.124,2838.318,69.777,75897.823,13539.102,32279.223,4734.698,130.769
29617,ØSTEGLO,Glomma ved Sarpsfoss,2013-11-30,4353262622,43.547,1440.832,38.802,40779.457,7248.286,16773.582,2355.531,77.086
29617,ØSTEGLO,Glomma ved Sarpsfoss,2014-02-28,5243577747,83.576,2359.402,108.838,103594.384,12249.254,24470.689,3680.63,158.175
29617,ØSTEGLO,Glomma ved Sarpsfoss,2014-05-31,8162197622,149.873,2639.623,94.378,86509.974,15653.054,36666.119,4481.736,134.922
29617,ØSTEGLO,Glomma ved Sarpsfoss,2014-08-31,8049633694,118.001,1702.204,50.301,36634.935,10315.561,24464.817,3302.43,104.932
29617,ØSTEGLO,Glomma ved Sarpsfoss,2014-11-30,6840267522,60.879,1863.39,79.664,73973.276,12160.278,33764.27,3426.558,132.432
29617,ØSTEGLO,Glomma ved Sarpsfoss,2015-02-28,4624488458,99.903,1804.287,51.321,41913.701,9869.189,21124.729,2919.593,79.191
29617,ØSTEGLO,Glomma ved Sarpsfoss,2015-05-31,6008921757,82.808,2407.389,50.804,51100.394,13229.182,27637.624,3906.372,84.147
29617,ØSTEGLO,Glomma ved Sarpsfoss,2015-08-31,8816105365,175.305,2221.395,56.388,61822.982,13045.503,34817.678,4230.231,113.041
29617,ØSTEGLO,Glomma ved Sarpsfoss,2015-11-30,6257829697,58.896,2342.997,123.982,123850.79,12761.791,34549.571,4210.302,212.917
29617,ØSTEGLO,Glomma ved Sarpsfoss,2016-02-29,4579123596,71.102,2430.82,129.824,222296.06,11250.976,22818.005,3772.201,209.599
29617,ØSTEGLO,Glomma ved Sarpsfoss,2016-05-31,5853730347,97.818,2136.272,83.925,86765.85,12686.385,29188.091,3685.245,131.056
29617,ØSTEGLO,Glomma ved Sarpsfoss,2016-08-31,6723135592,38.883,1725.371,41.439,28621.283,9319.13,21337.666,3053.728,65.839
29617,ØSTEGLO,Glomma ved Sarpsfoss,2016-11-30,4284375354,43.698,1211.283,13.016,11784.058,5986.595,14468.47,2090.136,31.486
29617,ØSTEGLO,Glomma ved Sarpsfoss,2017-02-28,3796799435,103.461,1640.238,22.907,20645.557,7624.537,14752.548,2371.637,41.054
29617,ØSTEGLO,Glomma ved Sarpsfoss,2017-05-31,4957187225,40.508,2057.807,40.38,37946.55,9129.313,21696.59,3129.409,75.321
29617,ØSTEGLO,Glomma ved Sarpsfoss,2017-08-31,8431018197,85.778,2045.267,52.098,33923.323,11578.644,28132.077,3712.304,85.757
29617,ØSTEGLO,Glomma ved Sarpsfoss,2017-11-30,6769854737,26.016,2445.014,54.256,60067.548,11747.911,34615.062,3695.534,99.907
29617,ØSTEGLO,Glomma ved Sarpsfoss,2018-02-28,4467168375,50.956,1778.624,43.829,36962.45,8827.092,19336.997,2879.728,50.892
29617,ØSTEGLO,Glomma ved Sarpsfoss,2018-05-31,8144455080,174.442,2518.199,100.437,88840.546,15232.707,37120.204,4286.237,184.192
29617,ØSTEGLO,Glomma ved Sarpsfoss,2018-08-31,4599914173,53.799,963.468,19.047,14999.045,5349.127,11305.125,1666.136,35.607
29617,ØSTEGLO,Glomma ved Sarpsfoss,2018-11-30,5670189950,35.993,2885.113,34.161,21849.649,7954.404,18826.022,3628.701,57.349
29617,ØSTEGLO,Glomma ved Sarpsfoss,2019-02-28,4090803902,87.136,2691.53,31.221,24642.51,7523.667,15404.349,3404.4,53.782
29617,ØSTEGLO,Glomma ved Sarpsfoss,2019-05-31,6531392061,55.922,2946.416,62.727,58870.176,11669.611,31056.691,4489.43,102.378
29617,ØSTEGLO,Glomma ved Sarpsfoss,2019-08-31,7744356447,65.576,2747.425,47.9,65658.898,11764.898,30468.669,4215.741,190.942
29617,ØSTEGLO,Glomma ved Sarpsfoss,2019-11-30,6409319341,28.625,2806.972,68.432,69286.474,11063.889,36904.172,4224.026,132.657
29617,ØSTEGLO,Glomma ved Sarpsfoss,2020-02-29,5438951615,33.895,2874.363,159.198,119275.902,13655.796,32230.048,4127.362,230.716
29617,ØSTEGLO,Glomma ved Sarpsfoss,2020-05-31,5224464422,64.681,1777.831,44.482,36501.866,9635.356,23687.727,2686.796,62.202
29617,ØSTEGLO,Glomma ved Sarpsfoss,2020-08-31,9349866460,42.884,2401.527,65.022,65813.564,13473.787,32345.656,3696.539,114.73
29617,ØSTEGLO,Glomma ved Sarpsfoss,2020-11-30,7435763728,53.875,3104.67,116.849,88419.826,14305.664,34308.772,4188.515,174.499
29617,ØSTEGLO,Glomma ved Sarpsfoss,2021-02-28,5798274999,61.115,2431.158,35.776,30950.737,11613.93,24356.963,3330.765,73.112
29617,ØSTEGLO,Glomma ved Sarpsfoss,2021-05-31,6132544158,82.498,2819.826,54.474,62144.388,12423.467,26746.164,3615.306,102.783
29617,ØSTEGLO,Glomma ved Sarpsfoss,2021-08-31,6639169176,45.189,1673.333,42.16,45516.762,9570.536,21493.474,2734.841,87.752
29617,ØSTEGLO,Glomma ved Sarpsfoss,2021-11-30,6361282833,40.166,3875.426,130.147,105901.588,14049.176,30233.798,5187.322,194.236
29617,ØSTEGLO,Glomma ved Sarpsfoss,2022-02-28,3813659604,127.21,1569.479,39.838,41752.89,7408.404,13122.831,2298.155,72.709
29617,ØSTEGLO,Glomma ved Sarpsfoss,2022-05-31,3394163026,86.021,1263.537,24.097,18919.565,6024.213,14247.613,1655.501,39.602
29617,ØSTEGLO,Glomma ved Sarpsfoss,2022-08-31,6949160453,111.64,1832.786,31.859,34647.578,9736.037,20575.884,2691.306,73.207
29617,ØSTEGLO,Glomma ved Sarpsfoss,2022-11-30,5969736619,129.095,2150.003,43.028,60224.89,10319.691,24912.25,3871.884,96.045
29617,ØSTEGLO,Glomma ved Sarpsfoss,2023-02-28,4385534440,92.06,2015.64,53.329,50843.135,8891.887,19050.588,2767.714,95.09
29617,ØSTEGLO,Glomma ved Sarpsfoss,2023-05-31,7379899854,104.438,2257.525,84.995,76930.993,15146.859,37751.372,4074.915,160.926
29617,ØSTEGLO,Glomma ved Sarpsfoss,2023-08-31,12911949089,68.483,2914.615,185.326,180235.888,21007.524,55851.113,6321.584,321.179
29617,ØSTEGLO,Glomma ved Sarpsfoss,2023-11-30,8265175535,18.944,2655.4,63.399,51715.932,15645.559,48205.681,4232.497,123.002
